open,close,low,high,vol,time
9170.5,9172.0,9170.5,9174.5,3183.6012,2020-07-01 00:00:00
9174.5,9171.5,9170.5,9174.5,0.0,2020-07-01 00:01:00
9171.5,9170.5,9170.5,9171.5,0.0,2020-07-01 00:02:00
9170.5,9164.0,9163.5,9170.5,8934.7372,2020-07-01 00:03:00
9164.0,9164.5,9163.5,9164.5,0.0,2020-07-01 00:04:00
9164.5,9163.5,9162.0,9164.5,0.0,2020-07-01 00:05:00
9163.5,9163.5,9160.0,9164.5,0.0,2020-07-01 00:06:00
9163.5,9160.5,9160.5,9163.5,0.0,2020-07-01 00:07:00
9160.5,9159.0,9159.0,9160.5,0.0,2020-07-01 00:08:00
9159.0,9167.5,9159.0,9167.5,0.0,2020-07-01 00:09:00
9167.5,9163.5,9163.5,9167.5,0.0,2020-07-01 00:10:00
9163.5,9164.5,9163.5,9164.5,0.0,2020-07-01 00:11:00
9164.5,9173.5,9164.5,9173.5,949.55055,2020-07-01 00:12:00
9173.5,9170.5,9170.0,9173.5,0.0,2020-07-01 00:13:00
9170.5,9169.5,9169.5,9171.0,0.0,2020-07-01 00:14:00
9169.5,9170.0,9169.5,9170.0,0.0,2020-07-01 00:15:00
9170.0,9172.5,9169.5,9173.0,28120.2863,2020-07-01 00:16:00
9172.5,9176.5,9172.5,9177.5,174.325,2020-07-01 00:17:00
9176.5,9175.0,9175.0,9176.5,0.0,2020-07-01 00:18:00
9175.0,9177.0,9175.0,9180.5,2634.8035,2020-07-01 00:19:00
9177.0,9178.0,9177.0,9178.0,0.0,2020-07-01 00:20:00
9178.0,9179.0,9178.0,9179.0,0.0,2020-07-01 00:21:00
9179.0,9179.0,9178.0,9180.0,0.0,2020-07-01 00:22:00
9179.0,9178.5,9178.0,9180.0,0.0,2020-07-01 00:23:00
9178.5,9179.5,9178.5,9180.0,9.1795,2020-07-01 00:24:00
9179.5,9179.5,9179.5,9181.0,0.0,2020-07-01 00:25:00
9179.5,9177.5,9177.5,9179.5,0.0,2020-07-01 00:26:00
9177.5,9174.5,9174.0,9177.5,0.0,2020-07-01 00:27:00
9174.5,9177.0,9174.5,9178.5,1547.4108,2020-07-01 00:28:00
9177.0,9175.5,9175.5,9177.0,0.0,2020-07-01 00:29:00
9175.5,9175.0,9173.0,9175.5,3780.1,2020-07-01 00:30:00
9175.0,9177.0,9173.0,9177.5,2246.32055,2020-07-01 00:31:00
9177.0,9175.0,9173.0,9177.0,0.0,2020-07-01 00:32:00
9175.0,9166.0,9166.0,9175.0,0.0,2020-07-01 00:33:00
9166.0,9168.5,9166.0,9171.0,58073.4663,2020-07-01 00:34:00
9168.5,9170.5,9167.0,9171.5,1043.546,2020-07-01 00:35:00
9170.5,9169.0,9168.5,9170.5,0.0,2020-07-01 00:36:00
9169.0,9167.0,9166.5,9169.0,0.0,2020-07-01 00:37:00
9167.0,9163.0,9161.5,9167.0,0.0,2020-07-01 00:38:00
9163.0,9165.0,9163.0,9167.0,23269.4368,2020-07-01 00:39:00
9165.0,9165.5,9165.0,9165.5,0.0,2020-07-01 00:40:00
9165.5,9160.5,9159.0,9165.5,7233.6687,2020-07-01 00:41:00
9160.5,9161.5,9160.0,9161.5,318.7854,2020-07-01 00:42:00
9161.5,9161.0,9160.5,9161.5,0.0,2020-07-01 00:43:00
9161.0,9160.0,9158.0,9164.0,0.0,2020-07-01 00:44:00
9160.0,9160.0,9159.0,9160.5,0.0,2020-07-01 00:45:00
9160.0,9162.0,9158.0,9162.0,0.0,2020-07-01 00:46:00
9162.0,9162.5,9161.5,9162.5,0.0,2020-07-01 00:47:00
9162.5,9160.0,9160.0,9163.0,0.0,2020-07-01 00:48:00
9160.0,9160.5,9160.0,9161.0,0.0,2020-07-01 00:49:00
9160.5,9161.5,9160.5,9161.5,0.0,2020-07-01 00:50:00
9161.5,9160.0,9159.0,9161.5,0.0,2020-07-01 00:51:00
9160.0,9162.0,9160.0,9162.0,0.0,2020-07-01 00:52:00
9162.0,9163.5,9162.0,9163.5,0.0,2020-07-01 00:53:00
9163.5,9166.5,9163.5,9166.5,0.0,2020-07-01 00:54:00
9166.5,9164.0,9161.5,9166.5,0.0,2020-07-01 00:55:00
9164.0,9163.0,9163.0,9166.0,0.0,2020-07-01 00:56:00
9163.0,9163.5,9160.0,9164.5,6507.083,2020-07-01 00:57:00
9163.5,9172.0,9163.5,9172.0,16421.6346,2020-07-01 00:58:00
9172.0,9176.0,9171.0,9177.5,7061.69305,2020-07-01 00:59:00
9176.0,9175.0,9175.0,9176.0,0.0,2020-07-01 01:00:00
9175.0,9175.0,9171.5,9176.5,31829.2625,2020-07-01 01:01:00
9175.0,9174.5,9174.5,9175.5,0.0,2020-07-01 01:02:00
9174.5,9171.5,9171.5,9174.5,0.0,2020-07-01 01:03:00
9171.5,9171.0,9171.0,9173.5,0.0,2020-07-01 01:04:00
9171.0,9171.5,9171.0,9172.5,0.0,2020-07-01 01:05:00
9171.5,9172.5,9171.0,9173.0,0.0,2020-07-01 01:06:00
9172.5,9173.0,9172.5,9173.0,0.0,2020-07-01 01:07:00
9173.0,9172.0,9172.0,9174.0,0.0,2020-07-01 01:08:00
9172.0,9170.0,9169.5,9172.5,0.0,2020-07-01 01:09:00
9170.0,9173.5,9170.0,9175.0,174.23,2020-07-01 01:10:00
9173.5,9170.0,9170.0,9173.5,0.0,2020-07-01 01:11:00
9170.0,9171.0,9170.0,9171.5,0.0,2020-07-01 01:12:00
9171.0,9172.5,9171.0,9174.0,0.0,2020-07-01 01:13:00
9172.5,9172.5,9172.5,9172.5,0.0,2020-07-01 01:14:00
9172.5,9172.5,9172.5,9172.5,0.0,2020-07-01 01:15:00
9172.5,9175.0,9172.5,9175.0,0.0,2020-07-01 01:16:00
9175.0,9175.0,9175.0,9175.5,204.61055,2020-07-01 01:17:00
9175.0,9175.0,9173.5,9175.0,0.0,2020-07-01 01:18:00
9175.0,9164.5,9162.0,9175.0,0.0,2020-07-01 01:19:00
9164.5,9150.0,9145.0,9164.5,57785.9593,2020-07-01 01:20:00
9150.0,9150.0,9146.0,9152.5,44176.733,2020-07-01 01:21:00
9150.0,9151.5,9149.5,9151.5,4654.69715,2020-07-01 01:22:00
9151.5,9156.0,9151.5,9157.5,31326.9384,2020-07-01 01:23:00
9156.0,9151.5,9151.5,9156.0,2469.0757,2020-07-01 01:24:00
9151.5,9147.0,9145.0,9151.5,0.0,2020-07-01 01:25:00
9147.0,9142.0,9142.0,9147.5,21318.5622,2020-07-01 01:26:00
9142.0,9141.5,9140.0,9146.0,1829.2,2020-07-01 01:27:00
9141.5,9141.5,9140.5,9144.5,5028.375,2020-07-01 01:28:00
9141.5,9145.5,9141.0,9146.0,0.0,2020-07-01 01:29:00
9145.5,9143.0,9139.5,9145.5,6541.179,2020-07-01 01:30:00
9143.0,9144.0,9143.0,9147.5,3876.09945,2020-07-01 01:31:00
9144.0,9145.0,9144.0,9146.0,0.0,2020-07-01 01:32:00
9145.0,9147.0,9145.0,9147.0,0.0,2020-07-01 01:33:00
9147.0,9147.5,9147.0,9150.5,0.0,2020-07-01 01:34:00
9147.5,9149.5,9147.5,9151.0,0.0,2020-07-01 01:35:00
9149.5,9145.5,9143.0,9149.5,0.0,2020-07-01 01:36:00
9145.5,9144.0,9142.5,9145.5,496.5192,2020-07-01 01:37:00
9144.0,9144.0,9144.0,9144.0,0.0,2020-07-01 01:38:00
9144.0,9141.5,9139.5,9144.0,2864.92875,2020-07-01 01:39:00
9141.5,9148.5,9141.5,9148.5,2957.59875,2020-07-01 01:40:00
9148.5,9148.5,9148.5,9149.0,12052.3176,2020-07-01 01:41:00
9148.5,9144.0,9144.0,9148.5,0.0,2020-07-01 01:42:00
9144.0,9134.0,9131.0,9146.5,11630.9271,2020-07-01 01:43:00
9135.0,9131.5,9124.5,9136.5,6801.4436,2020-07-01 01:44:00
9131.5,9133.5,9124.5,9135.5,19142.4569,2020-07-01 01:45:00
9133.5,9140.0,9132.0,9143.5,1872.75495,2020-07-01 01:46:00
9140.0,9141.5,9140.0,9141.5,0.0,2020-07-01 01:47:00
9141.5,9143.0,9140.5,9143.5,0.0,2020-07-01 01:48:00
9143.0,9144.5,9143.0,9144.5,0.0,2020-07-01 01:49:00
9144.5,9138.0,9138.0,9145.0,10.0595,2020-07-01 01:50:00
9138.0,9141.0,9137.5,9145.5,10637.9798,2020-07-01 01:51:00
9141.0,9143.0,9141.0,9146.0,2568.921,2020-07-01 01:52:00
9143.0,9141.0,9141.0,9143.0,0.0,2020-07-01 01:53:00
9141.0,9142.5,9141.0,9142.5,2639.0067,2020-07-01 01:54:00
9142.5,9142.0,9141.5,9142.5,0.0,2020-07-01 01:55:00
9142.0,9143.0,9141.5,9143.0,2203.3425,2020-07-01 01:56:00
9143.0,9145.0,9143.0,9148.5,24680.09105,2020-07-01 01:57:00
9145.0,9145.0,9145.0,9145.0,0.0,2020-07-01 01:58:00
9145.0,9147.0,9145.0,9147.0,1881.22935,2020-07-01 01:59:00
9147.0,9142.5,9142.5,9147.0,0.0,2020-07-01 02:00:00
9142.5,9141.0,9141.0,9144.5,14751.6442,2020-07-01 02:01:00
9141.0,9142.0,9141.0,9143.0,0.0,2020-07-01 02:02:00
9142.0,9142.0,9142.0,9142.0,0.0,2020-07-01 02:03:00
9142.0,9141.0,9139.5,9142.0,0.0,2020-07-01 02:04:00
9141.0,9139.0,9139.0,9141.0,0.0,2020-07-01 02:05:00
9139.0,9140.0,9139.0,9140.0,0.0,2020-07-01 02:06:00
9140.0,9143.0,9140.0,9143.0,0.0,2020-07-01 02:07:00
9143.0,9143.0,9142.5,9143.0,0.0,2020-07-01 02:08:00
9143.0,9144.0,9143.0,9144.5,173.736,2020-07-01 02:09:00
9144.0,9144.0,9144.0,9144.0,0.0,2020-07-01 02:10:00
9144.0,9144.0,9144.0,9144.0,0.0,2020-07-01 02:11:00
9144.0,9143.5,9143.5,9144.0,0.91435,2020-07-01 02:12:00
9143.5,9145.0,9142.5,9145.0,1372.66425,2020-07-01 02:13:00
9145.0,9148.0,9145.0,9148.0,0.0,2020-07-01 02:14:00
9148.0,9148.0,9146.5,9148.0,37332.0732,2020-07-01 02:15:00
9148.0,9146.5,9144.0,9148.0,0.0,2020-07-01 02:16:00
9146.5,9145.5,9145.0,9146.5,0.0,2020-07-01 02:17:00
9145.5,9145.0,9145.0,9145.5,0.0,2020-07-01 02:18:00
9145.0,9144.0,9144.0,9145.0,0.0,2020-07-01 02:19:00
9144.0,9146.5,9143.5,9147.5,2142.55635,2020-07-01 02:20:00
9146.5,9146.5,9146.5,9146.5,0.0,2020-07-01 02:21:00
9146.5,9148.5,9146.5,9148.5,0.0,2020-07-01 02:22:00
9148.5,9148.5,9148.5,9148.5,0.0,2020-07-01 02:23:00
9148.5,9149.5,9148.5,9149.5,9.1495,2020-07-01 02:24:00
9149.5,9147.0,9145.5,9149.5,26728.1241,2020-07-01 02:25:00
9147.0,9146.5,9145.5,9147.0,0.0,2020-07-01 02:26:00
9146.5,9145.5,9145.5,9146.5,0.0,2020-07-01 02:27:00
9145.5,9146.5,9145.5,9146.5,0.0,2020-07-01 02:28:00
9146.5,9148.0,9146.5,9149.5,0.0,2020-07-01 02:29:00
9148.0,9150.0,9148.0,9150.0,0.0,2020-07-01 02:30:00
9150.0,9150.5,9150.0,9151.0,2080.9374,2020-07-01 02:31:00
9150.5,9152.5,9150.5,9152.5,0.0,2020-07-01 02:32:00
9152.5,9146.0,9146.0,9153.5,0.0,2020-07-01 02:33:00
9146.0,9147.0,9145.0,9148.0,173.774,2020-07-01 02:34:00
9147.0,9143.0,9143.0,9147.0,0.0,2020-07-01 02:35:00
9142.5,9140.0,9140.0,9142.5,0.0,2020-07-01 02:36:00
9140.0,9138.5,9137.0,9143.0,0.0,2020-07-01 02:37:00
9138.5,9140.5,9138.0,9140.5,0.0,2020-07-01 02:38:00
9140.5,9139.5,9138.5,9142.0,28915.304,2020-07-01 02:39:00
9139.5,9140.0,9139.5,9140.0,0.0,2020-07-01 02:40:00
9140.0,9140.0,9139.5,9140.0,0.0,2020-07-01 02:41:00
9140.0,9145.5,9140.0,9145.5,0.0,2020-07-01 02:42:00
9145.5,9145.0,9145.0,9147.0,0.0,2020-07-01 02:43:00
9145.0,9144.0,9142.0,9148.5,0.0,2020-07-01 02:44:00
9144.0,9143.5,9143.5,9144.0,0.0,2020-07-01 02:45:00
9143.5,9143.0,9143.0,9144.0,1097.28,2020-07-01 02:46:00
9143.0,9137.0,9133.5,9143.0,0.0,2020-07-01 02:47:00
9137.0,9134.5,9133.5,9137.0,10506.975,2020-07-01 02:48:00
9134.5,9137.0,9134.5,9140.0,0.0,2020-07-01 02:49:00
9137.0,9136.5,9136.5,9137.0,0.0,2020-07-01 02:50:00
9136.5,9135.5,9135.5,9136.5,0.0,2020-07-01 02:51:00
9135.5,9136.5,9135.5,9139.0,30988.3848,2020-07-01 02:52:00
9136.5,9137.5,9136.5,9137.5,0.0,2020-07-01 02:53:00
9137.5,9139.5,9137.5,9140.5,2373.78785,2020-07-01 02:54:00
9139.5,9138.0,9138.0,9139.5,2360.73285,2020-07-01 02:55:00
9138.0,9130.0,9128.5,9138.0,18525.3841,2020-07-01 02:56:00
9130.0,9129.5,9129.5,9130.5,0.0,2020-07-01 02:57:00
9129.5,9131.0,9129.5,9134.0,2118.044,2020-07-01 02:58:00
9131.0,9130.0,9130.0,9131.0,0.0,2020-07-01 02:59:00
9130.0,9131.0,9129.5,9131.5,199.9689,2020-07-01 03:00:00
9131.0,9127.0,9125.5,9131.0,1762.4675,2020-07-01 03:01:00
9127.0,9127.0,9127.0,9131.0,0.0,2020-07-01 03:02:00
9127.0,9128.0,9126.0,9128.0,0.0,2020-07-01 03:03:00
9128.0,9128.0,9127.0,9128.5,1966.2789,2020-07-01 03:04:00
9128.0,9126.0,9126.0,9128.0,3052.897,2020-07-01 03:05:00
9126.0,9126.0,9126.0,9126.0,0.0,2020-07-01 03:06:00
9126.0,9124.5,9124.0,9126.0,28745.0,2020-07-01 03:07:00
9124.5,9118.0,9111.5,9124.5,6763.72965,2020-07-01 03:08:00
9118.0,9115.0,9114.5,9119.5,5263.01165,2020-07-01 03:09:00
9115.0,9112.5,9112.0,9115.0,19434.34055,2020-07-01 03:10:00
9112.5,9112.5,9110.5,9116.0,10197.2774,2020-07-01 03:11:00
9112.5,9106.0,9102.5,9113.5,0.0,2020-07-01 03:12:00
9106.0,9112.0,9098.0,9116.0,26702.68625,2020-07-01 03:13:00
9112.0,9117.0,9112.0,9117.0,2622.6732,2020-07-01 03:14:00
9117.0,9119.0,9113.5,9119.0,1843.66105,2020-07-01 03:15:00
9119.0,9123.5,9117.5,9124.5,3422.2549,2020-07-01 03:16:00
9123.5,9125.0,9123.0,9125.0,0.0,2020-07-01 03:17:00
9125.0,9128.5,9123.0,9130.5,1777.70835,2020-07-01 03:18:00
9128.5,9130.0,9127.0,9130.0,0.0,2020-07-01 03:19:00
9130.0,9135.5,9130.0,9137.0,5480.83665,2020-07-01 03:20:00
9135.5,9136.0,9135.5,9136.0,0.0,2020-07-01 03:21:00
9136.0,9141.0,9136.0,9141.0,0.0,2020-07-01 03:22:00
9141.0,9140.5,9140.5,9141.0,2927.8623,2020-07-01 03:23:00
9140.5,9141.5,9140.5,9141.5,9.1405,2020-07-01 03:24:00
9141.5,9140.5,9138.5,9143.0,0.0,2020-07-01 03:25:00
9140.5,9140.0,9140.0,9140.5,0.0,2020-07-01 03:26:00
9140.0,9140.0,9139.5,9140.5,0.0,2020-07-01 03:27:00
9140.0,9139.5,9139.5,9140.0,0.0,2020-07-01 03:28:00
9139.5,9137.0,9136.0,9140.0,15394.7922,2020-07-01 03:29:00
9138.0,9137.5,9137.0,9138.0,0.0,2020-07-01 03:30:00
9137.5,9144.0,9137.5,9145.0,2049.3843,2020-07-01 03:31:00
9144.0,9144.5,9141.0,9145.0,0.0,2020-07-01 03:32:00
9144.5,9145.0,9144.0,9145.0,0.0,2020-07-01 03:33:00
9145.0,9145.0,9145.0,9145.0,0.0,2020-07-01 03:34:00
9145.0,9145.0,9145.0,9145.0,0.0,2020-07-01 03:35:00
9145.0,9144.0,9141.5,9145.0,0.0,2020-07-01 03:36:00
9144.0,9143.5,9143.5,9144.0,49.3776,2020-07-01 03:37:00
9143.5,9144.5,9142.0,9144.5,193.8327,2020-07-01 03:38:00
9144.5,9143.5,9143.5,9145.0,0.0,2020-07-01 03:39:00
9143.5,9143.5,9143.5,9143.5,0.0,2020-07-01 03:40:00
9143.5,9145.5,9143.5,9145.5,955.548,2020-07-01 03:41:00
9145.5,9145.5,9145.5,9145.5,0.0,2020-07-01 03:42:00
9145.5,9146.0,9145.5,9147.5,8855.281,2020-07-01 03:43:00
9146.0,9145.0,9142.0,9146.0,0.0,2020-07-01 03:44:00
9145.0,9147.5,9144.5,9147.5,869.6895,2020-07-01 03:45:00
9147.5,9144.5,9143.5,9147.5,1578.1681,2020-07-01 03:46:00
9144.5,9142.5,9141.5,9144.5,4954.964,2020-07-01 03:47:00
9142.5,9145.5,9142.5,9145.5,173.717,2020-07-01 03:48:00
9145.5,9144.5,9144.5,9145.5,0.0,2020-07-01 03:49:00
9144.5,9152.5,9144.5,9153.5,8155.20265,2020-07-01 03:50:00
9152.5,9154.5,9152.0,9156.5,6599.827,2020-07-01 03:51:00
9154.5,9147.0,9147.0,9155.0,6157.91725,2020-07-01 03:52:00
9147.0,9148.0,9147.0,9148.0,0.0,2020-07-01 03:53:00
9148.0,9150.0,9148.0,9150.0,0.0,2020-07-01 03:54:00
9150.0,9147.5,9144.5,9150.0,4279.3915,2020-07-01 03:55:00
9147.5,9141.5,9141.5,9147.5,2539.9254,2020-07-01 03:56:00
9141.5,9144.5,9140.0,9146.0,7844.8403,2020-07-01 03:57:00
9144.5,9140.5,9140.5,9144.5,0.0,2020-07-01 03:58:00
9140.5,9133.0,9133.0,9142.0,3872.85615,2020-07-01 03:59:00
9133.0,9132.5,9130.0,9137.0,17078.8736,2020-07-01 04:00:00
9132.5,9139.5,9131.5,9142.5,34176.8285,2020-07-01 04:01:00
9139.5,9141.0,9138.5,9141.5,0.0,2020-07-01 04:02:00
9141.0,9142.5,9140.0,9142.5,0.0,2020-07-01 04:03:00
9142.5,9142.0,9141.5,9142.5,0.0,2020-07-01 04:04:00
9142.0,9147.0,9142.0,9148.5,198.4519,2020-07-01 04:05:00
9147.0,9143.5,9143.0,9147.0,32061.5371,2020-07-01 04:06:00
9143.5,9144.0,9143.5,9144.5,0.0,2020-07-01 04:07:00
9144.0,9148.5,9143.5,9148.5,2867.872,2020-07-01 04:08:00
9148.5,9146.5,9145.0,9148.5,0.0,2020-07-01 04:09:00
9146.5,9147.5,9146.0,9148.5,0.0,2020-07-01 04:10:00
9147.5,9150.0,9147.5,9150.0,0.0,2020-07-01 04:11:00
9150.0,9152.0,9147.0,9152.0,0.0,2020-07-01 04:12:00
9152.0,9152.0,9152.0,9152.5,4137.6192,2020-07-01 04:13:00
9152.0,9151.5,9151.5,9155.0,0.0,2020-07-01 04:14:00
9151.5,9151.0,9148.5,9152.5,6729.38055,2020-07-01 04:15:00
9151.0,9148.0,9147.5,9151.0,2205.46225,2020-07-01 04:16:00
9148.0,9153.5,9147.5,9153.5,6450.0639,2020-07-01 04:17:00
9153.5,9154.0,9153.0,9155.5,0.0,2020-07-01 04:18:00
9154.0,9156.0,9154.0,9156.0,0.0,2020-07-01 04:19:00
9156.0,9157.0,9156.0,9160.0,5407.26485,2020-07-01 04:20:00
9157.0,9156.0,9155.5,9157.0,0.0,2020-07-01 04:21:00
9156.0,9155.0,9154.5,9156.0,0.0,2020-07-01 04:22:00
9155.0,9155.0,9155.0,9155.5,0.0,2020-07-01 04:23:00
9155.0,9157.0,9155.0,9157.5,14529.778,2020-07-01 04:24:00
9157.0,9156.0,9156.0,9157.0,130.0223,2020-07-01 04:25:00
9156.0,9153.5,9153.5,9156.0,0.0,2020-07-01 04:26:00
9153.5,9152.5,9152.5,9155.0,0.0,2020-07-01 04:27:00
9152.5,9152.5,9152.5,9152.5,0.0,2020-07-01 04:28:00
9152.5,9155.0,9152.5,9155.0,0.0,2020-07-01 04:29:00
9155.0,9154.5,9154.5,9155.0,2327.0739,2020-07-01 04:30:00
9154.5,9154.5,9154.5,9154.5,0.0,2020-07-01 04:31:00
9154.5,9154.5,9154.5,9154.5,0.0,2020-07-01 04:32:00
9154.5,9154.5,9154.5,9154.5,0.0,2020-07-01 04:33:00
9154.5,9156.0,9154.5,9158.0,2288.75,2020-07-01 04:34:00
9156.0,9155.0,9155.0,9156.0,0.0,2020-07-01 04:35:00
9155.0,9158.0,9155.0,9158.5,602.6293,2020-07-01 04:36:00
9158.0,9158.0,9158.0,9158.0,0.0,2020-07-01 04:37:00
9158.0,9158.0,9158.0,9158.5,0.0,2020-07-01 04:38:00
9158.0,9156.5,9154.0,9158.5,28847.7,2020-07-01 04:39:00
9156.5,9157.5,9156.5,9157.5,4671.24075,2020-07-01 04:40:00
9157.5,9148.5,9148.5,9157.5,183.01,2020-07-01 04:41:00
9148.5,9148.0,9145.0,9148.5,31130.84785,2020-07-01 04:42:00
9148.0,9146.0,9145.5,9148.0,0.0,2020-07-01 04:43:00
9146.0,9142.5,9137.5,9146.0,7097.5622,2020-07-01 04:44:00
9142.5,9139.0,9139.0,9142.5,0.0,2020-07-01 04:45:00
9139.0,9141.5,9139.0,9141.5,2064.1507,2020-07-01 04:46:00
9141.5,9141.5,9141.5,9141.5,128.89515,2020-07-01 04:47:00
9141.5,9146.5,9141.5,9147.0,0.0,2020-07-01 04:48:00
9146.5,9145.5,9145.0,9147.0,0.0,2020-07-01 04:49:00
9145.5,9146.0,9144.0,9147.0,0.0,2020-07-01 04:50:00
9146.0,9147.0,9144.0,9147.5,0.0,2020-07-01 04:51:00
9147.0,9146.5,9144.0,9147.0,0.0,2020-07-01 04:52:00
9146.5,9146.5,9146.5,9147.0,0.0,2020-07-01 04:53:00
9146.5,9146.5,9144.0,9146.5,0.0,2020-07-01 04:54:00
9146.5,9147.5,9146.5,9147.5,0.0,2020-07-01 04:55:00
9147.5,9147.5,9147.5,9147.5,0.0,2020-07-01 04:56:00
9147.5,9148.0,9146.0,9148.0,0.0,2020-07-01 04:57:00
9148.0,9149.5,9148.0,9150.0,0.0,2020-07-01 04:58:00
9149.0,9153.5,9149.0,9153.5,0.0,2020-07-01 04:59:00
9153.5,9151.0,9151.0,9153.5,0.0,2020-07-01 05:00:00
9151.0,9151.5,9150.5,9151.5,0.0,2020-07-01 05:01:00
9151.5,9153.0,9150.5,9153.0,777.0897,2020-07-01 05:02:00
9153.0,9154.5,9153.0,9154.5,0.0,2020-07-01 05:03:00
9154.5,9159.5,9154.5,9159.5,0.91545,2020-07-01 05:04:00
9159.5,9158.0,9158.0,9161.5,51832.2829,2020-07-01 05:05:00
9158.0,9157.5,9157.5,9159.0,0.0,2020-07-01 05:06:00
9157.5,9157.5,9157.5,9157.5,2935.8945,2020-07-01 05:07:00
9157.5,9157.0,9157.0,9157.5,0.0,2020-07-01 05:08:00
9157.0,9157.0,9157.0,9157.5,0.0,2020-07-01 05:09:00
9157.0,9158.0,9157.0,9158.0,0.0,2020-07-01 05:10:00
9158.0,9158.0,9158.0,9158.0,452.4052,2020-07-01 05:11:00
9158.0,9158.0,9158.0,9158.0,0.0,2020-07-01 05:12:00
9158.0,9158.0,9158.0,9158.0,0.0,2020-07-01 05:13:00
9158.0,9159.5,9158.0,9159.5,0.0,2020-07-01 05:14:00
9159.5,9159.5,9159.5,9159.5,0.0,2020-07-01 05:15:00
9159.5,9159.5,9158.0,9159.5,183.19,2020-07-01 05:16:00
9159.5,9159.5,9159.5,9159.5,0.0,2020-07-01 05:17:00
9159.5,9159.0,9159.0,9159.5,0.0,2020-07-01 05:18:00
9159.0,9158.5,9158.0,9159.0,148.3677,2020-07-01 05:19:00
9158.5,9158.5,9158.5,9158.5,0.0,2020-07-01 05:20:00
9158.5,9158.0,9158.0,9158.5,183.16,2020-07-01 05:21:00
9158.0,9159.0,9157.5,9159.0,712.4535,2020-07-01 05:22:00
9159.0,9159.0,9159.0,9159.0,0.0,2020-07-01 05:23:00
9159.0,9159.5,9159.0,9159.5,9.1595,2020-07-01 05:24:00
9159.5,9159.5,9159.5,9159.5,0.0,2020-07-01 05:25:00
9159.5,9166.0,9159.5,9166.0,0.0,2020-07-01 05:26:00
9166.0,9165.5,9165.5,9168.0,0.0,2020-07-01 05:27:00
9165.5,9165.5,9165.0,9166.5,0.0,2020-07-01 05:28:00
9165.5,9164.0,9163.0,9165.5,0.0,2020-07-01 05:29:00
9164.0,9164.0,9164.0,9164.0,0.0,2020-07-01 05:30:00
9164.0,9164.5,9164.0,9165.0,0.0,2020-07-01 05:31:00
9164.5,9165.5,9160.0,9165.5,0.0,2020-07-01 05:32:00
9165.5,9166.5,9165.5,9166.5,14665.6,2020-07-01 05:33:00
9166.5,9166.5,9166.0,9166.5,0.0,2020-07-01 05:34:00
9166.5,9166.5,9166.0,9166.5,0.0,2020-07-01 05:35:00
9166.5,9166.5,9166.5,9166.5,0.0,2020-07-01 05:36:00
9166.5,9166.5,9166.5,9166.5,0.0,2020-07-01 05:37:00
9166.5,9166.0,9166.0,9166.5,0.0,2020-07-01 05:38:00
9166.0,9164.5,9164.5,9166.0,0.0,2020-07-01 05:39:00
9164.5,9164.5,9164.5,9164.5,0.0,2020-07-01 05:40:00
9164.5,9163.5,9163.5,9164.5,0.0,2020-07-01 05:41:00
9163.5,9164.0,9163.5,9164.0,0.0,2020-07-01 05:42:00
9164.0,9164.0,9164.0,9164.0,0.0,2020-07-01 05:43:00
9164.0,9165.0,9164.0,9165.0,174.116,2020-07-01 05:44:00
9165.0,9167.0,9165.0,9167.0,0.0,2020-07-01 05:45:00
9167.0,9167.0,9167.0,9167.0,172.3396,2020-07-01 05:46:00
9167.0,9167.5,9167.0,9167.5,3.6668,2020-07-01 05:47:00
9167.5,9167.5,9167.5,9167.5,0.0,2020-07-01 05:48:00
9167.5,9170.5,9167.0,9170.5,0.0,2020-07-01 05:49:00
9170.5,9170.0,9169.0,9170.5,0.0,2020-07-01 05:50:00
9170.0,9170.5,9170.0,9170.5,0.0,2020-07-01 05:51:00
9170.5,9172.5,9168.5,9172.5,0.0,2020-07-01 05:52:00
9172.5,9172.5,9172.5,9172.5,399.00375,2020-07-01 05:53:00
9172.5,9173.0,9172.5,9173.0,0.0,2020-07-01 05:54:00
9173.0,9172.5,9172.5,9173.0,0.0,2020-07-01 05:55:00
9172.5,9164.5,9163.0,9172.5,54509.705,2020-07-01 05:56:00
9164.5,9164.5,9164.5,9164.5,0.0,2020-07-01 05:57:00
9164.5,9165.5,9164.5,9166.0,0.0,2020-07-01 05:58:00
9165.5,9163.0,9163.0,9165.5,0.0,2020-07-01 05:59:00
9163.0,9164.5,9162.0,9165.0,135427.0088,2020-07-01 06:00:00
9164.5,9164.5,9164.5,9164.5,0.0,2020-07-01 06:01:00
9164.5,9149.0,9147.5,9164.5,11503.97425,2020-07-01 06:02:00
9149.0,9145.5,9145.0,9149.5,34552.2573,2020-07-01 06:03:00
9145.5,9147.0,9145.0,9147.5,0.0,2020-07-01 06:04:00
9147.0,9147.0,9147.0,9147.0,0.0,2020-07-01 06:05:00
9147.0,9147.0,9147.0,9147.0,0.0,2020-07-01 06:06:00
9147.0,9147.0,9143.5,9147.5,0.0,2020-07-01 06:07:00
9147.0,9145.0,9145.0,9147.0,0.0,2020-07-01 06:08:00
9145.0,9145.0,9145.0,9145.0,0.0,2020-07-01 06:09:00
9145.0,9147.5,9143.0,9147.5,0.0,2020-07-01 06:10:00
9147.5,9147.5,9147.5,9147.5,0.0,2020-07-01 06:11:00
9147.5,9147.0,9147.0,9147.5,0.0,2020-07-01 06:12:00
9147.0,9147.0,9147.0,9148.0,0.0,2020-07-01 06:13:00
9147.0,9146.5,9146.5,9147.0,0.0,2020-07-01 06:14:00
9146.5,9143.0,9143.0,9146.5,0.0,2020-07-01 06:15:00
9143.0,9142.5,9142.5,9143.0,0.0,2020-07-01 06:16:00
9142.5,9141.0,9141.0,9142.5,0.0,2020-07-01 06:17:00
9141.0,9143.0,9141.0,9144.0,0.0,2020-07-01 06:18:00
9143.0,9145.0,9143.0,9146.5,1585.0018,2020-07-01 06:19:00
9145.0,9148.5,9145.0,9151.0,4671.3656,2020-07-01 06:20:00
9148.5,9147.0,9147.0,9150.0,0.0,2020-07-01 06:21:00
9147.0,9147.5,9147.0,9150.0,74.09475,2020-07-01 06:22:00
9147.5,9147.5,9147.5,9147.5,0.0,2020-07-01 06:23:00
9147.5,9147.0,9147.0,9148.0,907.3834,2020-07-01 06:24:00
9147.0,9147.0,9147.0,9147.0,0.0,2020-07-01 06:25:00
9147.0,9146.5,9146.5,9147.0,0.0,2020-07-01 06:26:00
9146.5,9146.5,9146.5,9146.5,0.0,2020-07-01 06:27:00
9146.5,9147.0,9146.0,9150.5,13496.456,2020-07-01 06:28:00
9147.0,9143.0,9139.0,9147.0,7507.18545,2020-07-01 06:29:00
9143.0,9139.0,9138.5,9145.0,16611.9225,2020-07-01 06:30:00
9139.0,9138.0,9136.5,9142.5,0.0,2020-07-01 06:31:00
9138.0,9138.5,9138.0,9139.0,1595.4948,2020-07-01 06:32:00
9138.5,9138.5,9136.0,9140.5,0.0,2020-07-01 06:33:00
9138.5,9139.5,9138.5,9139.5,299.7756,2020-07-01 06:34:00
9139.5,9141.5,9139.5,9141.5,0.0,2020-07-01 06:35:00
9141.5,9141.5,9141.5,9141.5,0.0,2020-07-01 06:36:00
9141.5,9143.0,9141.5,9144.0,0.0,2020-07-01 06:37:00
9143.0,9137.5,9135.5,9143.0,6419.3742,2020-07-01 06:38:00
9137.5,9134.5,9134.5,9138.0,0.0,2020-07-01 06:39:00
9134.5,9133.0,9129.5,9135.5,3707.93995,2020-07-01 06:40:00
9133.0,9134.5,9132.5,9135.0,2877.8083,2020-07-01 06:41:00
9134.5,9130.0,9130.0,9134.5,0.0,2020-07-01 06:42:00
9130.0,9130.0,9130.0,9130.0,0.0,2020-07-01 06:43:00
9130.0,9130.0,9130.0,9130.0,532.279,2020-07-01 06:44:00
9130.0,9135.5,9130.0,9135.5,34977.95575,2020-07-01 06:45:00
9135.5,9138.0,9135.5,9138.5,0.0,2020-07-01 06:46:00
9138.0,9139.0,9137.5,9139.0,643.3856,2020-07-01 06:47:00
9139.0,9133.5,9133.0,9139.0,2696.9749,2020-07-01 06:48:00
9133.5,9133.0,9133.0,9135.0,1435.1085,2020-07-01 06:49:00
9133.0,9132.5,9130.0,9133.5,0.0,2020-07-01 06:50:00
9132.5,9132.0,9132.0,9134.0,0.0,2020-07-01 06:51:00
9132.0,9130.5,9130.0,9132.0,0.0,2020-07-01 06:52:00
9130.5,9129.0,9129.0,9130.5,1843.1451,2020-07-01 06:53:00
9129.0,9129.0,9129.0,9129.0,0.0,2020-07-01 06:54:00
9129.0,9129.0,9129.0,9129.0,1656.9135,2020-07-01 06:55:00
9129.0,9129.0,9129.0,9129.0,0.0,2020-07-01 06:56:00
9129.0,9130.5,9129.0,9131.5,0.0,2020-07-01 06:57:00
9130.5,9130.5,9129.5,9131.0,4.5655,2020-07-01 06:58:00
9130.5,9133.5,9130.5,9133.5,5405.87655,2020-07-01 06:59:00
9133.5,9131.5,9131.5,9137.0,1580.7492,2020-07-01 07:00:00
9131.5,9134.5,9131.5,9134.5,0.0,2020-07-01 07:01:00
9134.5,9141.0,9134.5,9141.5,4186.7717,2020-07-01 07:02:00
9141.0,9142.0,9141.0,9142.0,0.0,2020-07-01 07:03:00
9142.0,9146.5,9141.5,9146.5,444.5199,2020-07-01 07:04:00
9146.5,9147.5,9146.5,9149.0,0.0,2020-07-01 07:05:00
9147.5,9151.5,9147.5,9156.5,61571.292,2020-07-01 07:06:00
9151.5,9151.5,9151.5,9151.5,0.0,2020-07-01 07:07:00
9151.5,9151.5,9151.5,9151.5,0.0,2020-07-01 07:08:00
9151.5,9156.5,9151.0,9158.5,5132.0262,2020-07-01 07:09:00
9156.5,9158.0,9155.5,9161.0,2262.6947,2020-07-01 07:10:00
9158.0,9157.5,9155.5,9159.0,2262.4476,2020-07-01 07:11:00
9158.0,9156.0,9154.5,9158.0,0.0,2020-07-01 07:12:00
9156.0,9154.5,9153.5,9156.0,0.0,2020-07-01 07:13:00
9154.5,9152.5,9152.5,9156.5,0.0,2020-07-01 07:14:00
9152.5,9153.0,9152.5,9154.5,0.0,2020-07-01 07:15:00
9153.0,9153.0,9152.5,9154.0,0.0,2020-07-01 07:16:00
9153.0,9150.0,9150.0,9153.0,0.0,2020-07-01 07:17:00
9150.0,9148.5,9148.5,9151.0,0.0,2020-07-01 07:18:00
9148.5,9151.0,9147.5,9151.0,0.0,2020-07-01 07:19:00
9151.0,9149.5,9149.5,9151.0,0.0,2020-07-01 07:20:00
9149.5,9149.0,9149.0,9150.5,0.0,2020-07-01 07:21:00
9149.0,9148.5,9148.5,9152.0,0.0,2020-07-01 07:22:00
9148.5,9147.0,9145.5,9148.5,0.0,2020-07-01 07:23:00
9147.0,9148.0,9147.0,9148.0,9.147,2020-07-01 07:24:00
9148.0,9148.0,9148.0,9148.0,0.0,2020-07-01 07:25:00
9148.0,9148.0,9148.0,9148.0,826.0644,2020-07-01 07:26:00
9148.0,9148.0,9148.0,9148.0,0.0,2020-07-01 07:27:00
9148.0,9148.0,9148.0,9148.0,0.0,2020-07-01 07:28:00
9148.0,9148.0,9148.0,9148.0,0.0,2020-07-01 07:29:00
9148.0,9148.0,9148.0,9148.0,0.0,2020-07-01 07:30:00
9148.0,9148.0,9148.0,9148.0,0.0,2020-07-01 07:31:00
9148.0,9148.0,9148.0,9148.5,0.0,2020-07-01 07:32:00
9148.0,9147.5,9146.0,9148.0,0.0,2020-07-01 07:33:00
9147.5,9144.5,9140.5,9147.5,2802.3295,2020-07-01 07:34:00
9144.5,9149.0,9144.5,9149.0,31409.8158,2020-07-01 07:35:00
9149.0,9148.5,9148.0,9149.5,5682.969,2020-07-01 07:36:00
9148.5,9150.0,9148.5,9150.0,0.0,2020-07-01 07:37:00
9150.0,9149.0,9149.0,9150.0,0.0,2020-07-01 07:38:00
9149.0,9148.5,9148.0,9149.0,0.0,2020-07-01 07:39:00
9148.5,9145.5,9144.0,9148.5,0.0,2020-07-01 07:40:00
9145.5,9144.5,9144.5,9145.5,0.0,2020-07-01 07:41:00
9144.5,9145.0,9144.5,9147.0,66.7585,2020-07-01 07:42:00
9145.0,9146.0,9145.0,9146.5,0.0,2020-07-01 07:43:00
9146.0,9152.0,9146.0,9157.5,1667.58075,2020-07-01 07:44:00
9152.0,9146.5,9146.5,9153.0,686.90215,2020-07-01 07:45:00
9146.5,9149.0,9146.5,9149.0,0.0,2020-07-01 07:46:00
9149.5,9151.0,9148.5,9151.0,0.0,2020-07-01 07:47:00
9151.0,9152.0,9151.0,9152.0,3203.2,2020-07-01 07:48:00
9152.0,9155.5,9150.5,9158.5,2536.0465,2020-07-01 07:49:00
9155.5,9151.5,9151.5,9155.5,138.18765,2020-07-01 07:50:00
9151.5,9147.5,9147.0,9152.5,6220.7104,2020-07-01 07:51:00
9147.5,9150.0,9146.0,9150.0,15335.83645,2020-07-01 07:52:00
9150.0,9151.0,9150.0,9151.0,13862.25,2020-07-01 07:53:00
9151.0,9149.0,9148.5,9151.0,0.0,2020-07-01 07:54:00
9149.0,9148.0,9148.0,9149.0,0.0,2020-07-01 07:55:00
9148.0,9142.0,9142.0,9148.0,0.0,2020-07-01 07:56:00
9142.0,9141.5,9141.5,9142.0,0.0,2020-07-01 07:57:00
9141.5,9141.5,9141.5,9141.5,0.0,2020-07-01 07:58:00
9141.5,9139.0,9130.5,9141.5,2145.70565,2020-07-01 07:59:00
9139.0,9128.0,9128.0,9139.0,4130.02755,2020-07-01 08:00:00
9128.0,9122.0,9119.0,9130.5,5015.0902,2020-07-01 08:01:00
9122.0,9107.0,9101.5,9122.5,37729.389,2020-07-01 08:02:00
9107.0,9115.0,9107.0,9116.0,1240.9618,2020-07-01 08:03:00
9115.0,9117.0,9113.5,9117.5,2196.7532,2020-07-01 08:04:00
9117.0,9109.5,9104.5,9117.0,4605.95355,2020-07-01 08:05:00
9109.5,9112.5,9104.5,9113.5,4697.2815,2020-07-01 08:06:00
9112.5,9118.0,9112.5,9118.0,8614.00415,2020-07-01 08:07:00
9118.0,9121.5,9116.5,9121.5,0.0,2020-07-01 08:08:00
9121.5,9130.5,9120.5,9130.5,0.0,2020-07-01 08:09:00
9130.5,9133.0,9126.0,9133.0,0.0,2020-07-01 08:10:00
9133.0,9131.0,9131.0,9133.5,0.0,2020-07-01 08:11:00
9131.0,9129.0,9127.5,9131.0,5935.15,2020-07-01 08:12:00
9129.0,9122.5,9112.5,9129.0,10973.2705,2020-07-01 08:13:00
9122.5,9110.5,9110.5,9123.0,795.34665,2020-07-01 08:14:00
9110.5,9117.5,9110.5,9117.5,1572.5581,2020-07-01 08:15:00
9117.5,9113.5,9111.5,9117.5,4886.6684,2020-07-01 08:16:00
9113.5,9112.5,9112.0,9113.5,2958.6664,2020-07-01 08:17:00
9112.5,9121.0,9112.0,9122.0,1984.9076,2020-07-01 08:18:00
9121.0,9121.0,9120.0,9122.0,0.0,2020-07-01 08:19:00
9121.0,9117.5,9117.5,9121.0,1163.393,2020-07-01 08:20:00
9117.5,9119.5,9117.5,9121.0,0.0,2020-07-01 08:21:00
9119.5,9119.5,9117.5,9119.5,0.0,2020-07-01 08:22:00
9119.5,9114.5,9112.0,9119.5,50539.9045,2020-07-01 08:23:00
9114.5,9113.5,9113.0,9115.0,9.115,2020-07-01 08:24:00
9113.5,9117.5,9113.5,9117.5,455.675,2020-07-01 08:25:00
9117.5,9116.5,9116.5,9117.5,455.85,2020-07-01 08:26:00
9116.5,9114.0,9114.0,9116.5,31213.3642,2020-07-01 08:27:00
9114.0,9117.5,9114.0,9117.5,2379.79595,2020-07-01 08:28:00
9117.5,9120.5,9117.5,9120.5,1279.47795,2020-07-01 08:29:00
9120.5,9117.5,9117.0,9120.5,1565.0778,2020-07-01 08:30:00
9117.5,9116.5,9116.5,9118.5,16921.252,2020-07-01 08:31:00
9116.5,9109.5,9103.0,9117.5,5615.2482,2020-07-01 08:32:00
9109.5,9107.0,9102.5,9109.5,11634.7534,2020-07-01 08:33:00
9107.0,9109.5,9105.0,9110.0,19672.7863,2020-07-01 08:34:00
9109.5,9106.0,9104.5,9110.0,16850.92,2020-07-01 08:35:00
9106.0,9104.0,9104.0,9106.0,0.0,2020-07-01 08:36:00
9104.0,9103.5,9103.5,9104.0,0.0,2020-07-01 08:37:00
9103.5,9100.5,9100.5,9103.5,881.8932,2020-07-01 08:38:00
9100.5,9101.5,9091.0,9101.5,27947.2962,2020-07-01 08:39:00
9100.0,9113.5,9100.0,9114.0,40519.9124,2020-07-01 08:40:00
9113.5,9112.0,9110.5,9113.5,0.0,2020-07-01 08:41:00
9112.0,9113.5,9112.0,9113.5,0.0,2020-07-01 08:42:00
9113.5,9118.0,9113.5,9118.0,0.0,2020-07-01 08:43:00
9119.5,9122.0,9118.0,9122.0,29878.8646,2020-07-01 08:44:00
9122.0,9122.0,9122.0,9122.0,0.0,2020-07-01 08:45:00
9122.0,9124.0,9122.0,9125.0,337.5325,2020-07-01 08:46:00
9124.0,9122.5,9119.5,9124.0,0.0,2020-07-01 08:47:00
9122.5,9122.0,9122.0,9122.5,0.0,2020-07-01 08:48:00
9122.0,9122.5,9122.0,9122.5,2509.4622,2020-07-01 08:49:00
9122.5,9121.5,9121.5,9122.5,0.0,2020-07-01 08:50:00
9121.5,9121.0,9121.0,9121.5,0.0,2020-07-01 08:51:00
9121.0,9120.0,9120.0,9121.5,0.0,2020-07-01 08:52:00
9120.0,9120.5,9115.0,9121.5,11594.6498,2020-07-01 08:53:00
9120.5,9118.0,9118.0,9120.5,0.0,2020-07-01 08:54:00
9118.0,9117.5,9117.5,9119.5,165.02675,2020-07-01 08:55:00
9117.5,9117.5,9117.5,9117.5,908.103,2020-07-01 08:56:00
9117.5,9118.5,9117.5,9118.5,0.0,2020-07-01 08:57:00
9118.5,9123.5,9118.5,9126.0,8534.63645,2020-07-01 08:58:00
9123.5,9123.5,9123.5,9123.5,0.0,2020-07-01 08:59:00
9123.5,9126.5,9123.5,9127.5,34995.77095,2020-07-01 09:00:00
9126.5,9127.0,9126.5,9127.0,0.0,2020-07-01 09:01:00
9127.0,9127.0,9126.5,9127.0,0.0,2020-07-01 09:02:00
9127.0,9128.0,9127.0,9128.0,0.0,2020-07-01 09:03:00
9128.0,9128.5,9127.0,9129.5,81.25255,2020-07-01 09:04:00
9128.5,9132.5,9127.0,9132.5,1722.2649,2020-07-01 09:05:00
9132.5,9129.5,9129.5,9132.5,0.0,2020-07-01 09:06:00
9129.5,9129.5,9129.5,9129.5,0.0,2020-07-01 09:07:00
9129.5,9122.0,9122.0,9129.5,0.0,2020-07-01 09:08:00
9122.0,9120.5,9117.0,9123.0,912.05,2020-07-01 09:09:00
9120.5,9116.5,9116.5,9120.5,0.0,2020-07-01 09:10:00
9116.5,9116.5,9116.5,9117.5,0.0,2020-07-01 09:11:00
9116.5,9115.5,9115.5,9116.5,0.0,2020-07-01 09:12:00
9115.5,9114.5,9114.5,9115.5,0.0,2020-07-01 09:13:00
9114.5,9115.5,9114.5,9117.0,0.0,2020-07-01 09:14:00
9115.5,9114.5,9114.0,9116.5,233.3184,2020-07-01 09:15:00
9114.5,9114.5,9114.5,9114.5,0.0,2020-07-01 09:16:00
9114.5,9116.0,9114.5,9122.0,16806.95265,2020-07-01 09:17:00
9116.0,9115.0,9114.0,9116.0,0.0,2020-07-01 09:18:00
9115.0,9114.0,9114.0,9115.0,0.0,2020-07-01 09:19:00
9114.0,9111.5,9110.0,9114.0,2592.706,2020-07-01 09:20:00
9111.5,9113.5,9111.0,9113.5,1750.40955,2020-07-01 09:21:00
9113.5,9113.5,9113.5,9113.5,0.0,2020-07-01 09:22:00
9113.5,9114.0,9113.5,9114.0,24.6078,2020-07-01 09:23:00
9114.0,9114.0,9114.0,9114.0,9.114,2020-07-01 09:24:00
9114.0,9110.0,9110.0,9114.0,154.87,2020-07-01 09:25:00
9110.0,9107.0,9106.5,9110.0,388.8689,2020-07-01 09:26:00
9107.0,9107.0,9106.5,9107.0,0.0,2020-07-01 09:27:00
9107.0,9106.5,9106.5,9107.0,0.0,2020-07-01 09:28:00
9106.5,9105.5,9105.5,9107.0,0.0,2020-07-01 09:29:00
9105.5,9107.0,9102.5,9107.0,0.0,2020-07-01 09:30:00
9107.0,9119.5,9107.0,9120.5,640.7142,2020-07-01 09:31:00
9119.5,9117.5,9115.5,9119.5,0.0,2020-07-01 09:32:00
9117.5,9118.5,9117.5,9118.5,0.0,2020-07-01 09:33:00
9118.5,9119.0,9117.0,9119.0,0.0,2020-07-01 09:34:00
9119.0,9121.0,9119.0,9121.0,10.03145,2020-07-01 09:35:00
9121.0,9119.5,9119.5,9121.0,0.0,2020-07-01 09:36:00
9119.5,9118.5,9118.5,9119.5,0.0,2020-07-01 09:37:00
9118.5,9120.5,9118.5,9120.5,0.0,2020-07-01 09:38:00
9120.5,9118.5,9118.0,9120.5,2270.09245,2020-07-01 09:39:00
9118.5,9119.5,9118.5,9119.5,0.0,2020-07-01 09:40:00
9119.5,9119.5,9119.5,9119.5,0.0,2020-07-01 09:41:00
9119.5,9116.5,9116.5,9119.5,0.0,2020-07-01 09:42:00
9116.5,9119.0,9116.5,9119.0,0.0,2020-07-01 09:43:00
9119.0,9117.5,9117.0,9119.0,0.0,2020-07-01 09:44:00
9117.5,9118.5,9117.5,9120.5,5641.61595,2020-07-01 09:45:00
9118.5,9119.0,9118.5,9119.0,0.0,2020-07-01 09:46:00
9119.0,9119.0,9118.5,9119.0,0.0,2020-07-01 09:47:00
9119.0,9119.0,9118.5,9119.0,0.0,2020-07-01 09:48:00
9119.0,9122.0,9119.0,9122.5,0.0,2020-07-01 09:49:00
9122.0,9126.0,9122.0,9129.5,12293.4589,2020-07-01 09:50:00
9126.0,9126.0,9124.5,9126.5,1388.9772,2020-07-01 09:51:00
9126.0,9125.5,9125.5,9126.0,0.0,2020-07-01 09:52:00
9125.5,9122.5,9122.5,9125.5,0.0,2020-07-01 09:53:00
9122.5,9122.5,9121.0,9122.5,1970.244,2020-07-01 09:54:00
9122.5,9123.5,9122.5,9123.5,193.4172,2020-07-01 09:55:00
9123.5,9125.5,9123.5,9125.5,0.0,2020-07-01 09:56:00
9125.5,9126.5,9124.5,9127.5,0.0,2020-07-01 09:57:00
9126.5,9127.0,9126.5,9127.0,0.0,2020-07-01 09:58:00
9127.0,9126.0,9126.0,9127.0,0.0,2020-07-01 09:59:00
9126.0,9124.0,9121.5,9127.5,11170.47185,2020-07-01 10:00:00
9124.0,9125.0,9124.0,9125.0,24114.2286,2020-07-01 10:01:00
9125.0,9123.5,9120.5,9125.0,15042.0075,2020-07-01 10:02:00
9123.5,9123.5,9123.0,9123.5,0.0,2020-07-01 10:03:00
9123.5,9123.5,9122.5,9123.5,0.0,2020-07-01 10:04:00
9123.5,9123.5,9123.5,9123.5,0.0,2020-07-01 10:05:00
9123.5,9123.5,9122.0,9123.5,4719.8176,2020-07-01 10:06:00
9123.5,9123.5,9123.5,9123.5,943.3699,2020-07-01 10:07:00
9123.5,9122.0,9122.0,9123.5,0.0,2020-07-01 10:08:00
9122.0,9128.0,9116.5,9128.0,8670.5195,2020-07-01 10:09:00
9128.0,9134.0,9128.0,9135.0,22519.45925,2020-07-01 10:10:00
9134.0,9136.5,9133.0,9144.5,6337.7265,2020-07-01 10:11:00
9136.5,9137.5,9135.0,9140.0,0.0,2020-07-01 10:12:00
9137.5,9144.5,9137.5,9145.0,24719.5648,2020-07-01 10:13:00
9144.5,9143.5,9141.5,9144.5,10971.0,2020-07-01 10:14:00
9143.5,9147.0,9143.5,9147.5,2508.154,2020-07-01 10:15:00
9147.0,9145.5,9145.5,9147.0,23192.2185,2020-07-01 10:16:00
9145.5,9145.0,9143.0,9145.5,0.0,2020-07-01 10:17:00
9145.0,9142.5,9142.5,9145.0,1043.2163,2020-07-01 10:18:00
9142.5,9141.5,9141.5,9142.5,35506.6138,2020-07-01 10:19:00
9141.5,9141.5,9141.0,9144.5,3281.1528,2020-07-01 10:20:00
9141.5,9144.0,9141.5,9144.0,2868.6027,2020-07-01 10:21:00
9144.0,9144.0,9141.5,9144.5,0.0,2020-07-01 10:22:00
9144.0,9144.0,9143.0,9144.5,0.0,2020-07-01 10:23:00
9144.0,9146.0,9144.0,9146.0,9.145,2020-07-01 10:24:00
9146.0,9141.5,9141.5,9146.0,1564.3673,2020-07-01 10:25:00
9141.0,9139.5,9139.5,9141.5,0.0,2020-07-01 10:26:00
9139.5,9136.5,9136.5,9139.5,2481.6092,2020-07-01 10:27:00
9136.5,9136.0,9136.0,9137.0,0.0,2020-07-01 10:28:00
9136.0,9137.5,9136.0,9137.5,4634.8449,2020-07-01 10:29:00
9137.5,9143.0,9137.5,9143.0,34503.2615,2020-07-01 10:30:00
9143.0,9142.5,9142.0,9147.0,6301.4736,2020-07-01 10:31:00
9142.5,9143.5,9142.5,9144.0,0.0,2020-07-01 10:32:00
9143.5,9140.5,9139.5,9143.5,0.0,2020-07-01 10:33:00
9140.5,9137.5,9134.5,9140.5,1515.41355,2020-07-01 10:34:00
9137.5,9136.0,9135.0,9138.5,0.0,2020-07-01 10:35:00
9136.0,9136.5,9135.0,9136.5,0.0,2020-07-01 10:36:00
9136.5,9137.5,9135.0,9138.0,657.9,2020-07-01 10:37:00
9137.5,9136.5,9135.0,9137.5,255.794,2020-07-01 10:38:00
9136.5,9137.0,9135.5,9137.0,0.0,2020-07-01 10:39:00
9137.0,9135.5,9135.5,9138.0,0.0,2020-07-01 10:40:00
9135.5,9135.5,9135.5,9135.5,0.0,2020-07-01 10:41:00
9135.5,9135.5,9135.5,9135.5,0.0,2020-07-01 10:42:00
9135.5,9140.5,9135.5,9140.5,0.0,2020-07-01 10:43:00
9139.5,9137.5,9137.5,9139.5,0.0,2020-07-01 10:44:00
9137.5,9138.5,9137.5,9138.5,0.0,2020-07-01 10:45:00
9138.5,9137.0,9137.0,9138.5,0.0,2020-07-01 10:46:00
9137.0,9133.5,9132.0,9137.0,0.0,2020-07-01 10:47:00
9133.5,9134.5,9133.5,9134.5,0.0,2020-07-01 10:48:00
9134.5,9134.5,9134.0,9134.5,0.0,2020-07-01 10:49:00
9134.5,9134.0,9134.0,9134.5,744.421,2020-07-01 10:50:00
9134.0,9134.0,9134.0,9134.0,0.0,2020-07-01 10:51:00
9134.0,9133.0,9132.5,9134.0,210.059,2020-07-01 10:52:00
9133.0,9132.0,9131.0,9133.5,0.0,2020-07-01 10:53:00
9132.0,9132.5,9132.0,9133.0,0.0,2020-07-01 10:54:00
9132.5,9134.0,9132.5,9135.5,0.0,2020-07-01 10:55:00
9134.0,9134.0,9134.0,9134.0,0.0,2020-07-01 10:56:00
9134.0,9136.0,9134.0,9136.0,0.0,2020-07-01 10:57:00
9136.0,9136.5,9136.0,9136.5,0.0,2020-07-01 10:58:00
9136.5,9136.5,9136.5,9136.5,0.0,2020-07-01 10:59:00
9136.5,9135.5,9135.5,9136.5,0.0,2020-07-01 11:00:00
9135.5,9138.5,9135.5,9138.5,50.26175,2020-07-01 11:01:00
9138.5,9138.0,9138.0,9138.5,0.0,2020-07-01 11:02:00
9138.0,9138.0,9138.0,9138.0,0.0,2020-07-01 11:03:00
9138.0,9138.5,9138.0,9138.5,0.0,2020-07-01 11:04:00
9138.5,9137.5,9136.5,9138.5,1205.30205,2020-07-01 11:05:00
9137.5,9133.0,9133.0,9137.5,0.0,2020-07-01 11:06:00
9133.0,9134.5,9133.0,9136.0,2823.78305,2020-07-01 11:07:00
9134.5,9134.5,9133.0,9135.5,0.0,2020-07-01 11:08:00
9134.5,9134.0,9134.0,9134.5,0.0,2020-07-01 11:09:00
9134.0,9134.5,9133.5,9134.5,0.0,2020-07-01 11:10:00
9134.5,9135.5,9134.5,9137.5,0.0,2020-07-01 11:11:00
9135.5,9137.0,9135.5,9137.0,0.0,2020-07-01 11:12:00
9137.0,9135.5,9135.5,9137.0,0.0,2020-07-01 11:13:00
9135.5,9134.5,9134.5,9135.5,0.0,2020-07-01 11:14:00
9134.5,9134.0,9134.0,9134.5,1951.9358,2020-07-01 11:15:00
9134.0,9134.0,9134.0,9134.0,0.0,2020-07-01 11:16:00
9134.0,9134.0,9134.0,9134.0,1826.8,2020-07-01 11:17:00
9134.0,9134.0,9134.0,9134.0,0.0,2020-07-01 11:18:00
9134.0,9134.0,9134.0,9134.0,0.0,2020-07-01 11:19:00
9134.0,9128.0,9126.0,9134.0,29293.7151,2020-07-01 11:20:00
9128.0,9128.0,9128.0,9128.0,0.0,2020-07-01 11:21:00
9128.0,9131.0,9128.0,9131.5,41522.50055,2020-07-01 11:22:00
9131.0,9130.5,9130.5,9131.0,27127.62855,2020-07-01 11:23:00
9130.5,9129.5,9128.5,9131.0,9.131,2020-07-01 11:24:00
9129.5,9129.5,9128.5,9130.0,0.0,2020-07-01 11:25:00
9129.5,9129.5,9129.5,9129.5,0.0,2020-07-01 11:26:00
9129.5,9129.0,9129.0,9129.5,601.61455,2020-07-01 11:27:00
9129.0,9130.0,9129.0,9130.0,0.0,2020-07-01 11:28:00
9130.0,9130.0,9130.0,9130.0,0.0,2020-07-01 11:29:00
9130.0,9130.0,9130.0,9130.0,456.5,2020-07-01 11:30:00
9130.0,9138.0,9130.0,9143.0,33383.04405,2020-07-01 11:31:00
9138.0,9129.5,9129.5,9139.0,10133.95365,2020-07-01 11:32:00
9129.5,9128.5,9127.5,9133.5,119839.62655,2020-07-01 11:33:00
9128.5,9119.0,9117.0,9130.0,65471.9372,2020-07-01 11:34:00
9119.0,9122.0,9117.0,9124.5,7241.16785,2020-07-01 11:35:00
9122.0,9125.0,9121.0,9125.0,737.9698,2020-07-01 11:36:00
9125.0,9125.0,9125.0,9127.5,0.0,2020-07-01 11:37:00
9125.0,9127.0,9124.5,9127.0,0.0,2020-07-01 11:38:00
9127.0,9124.5,9124.5,9127.0,0.0,2020-07-01 11:39:00
9124.5,9123.0,9121.0,9125.0,0.0,2020-07-01 11:40:00
9123.0,9125.0,9123.0,9126.0,0.0,2020-07-01 11:41:00
9125.0,9125.0,9125.0,9126.0,0.0,2020-07-01 11:42:00
9125.0,9125.0,9124.5,9125.0,0.0,2020-07-01 11:43:00
9125.0,9126.0,9125.0,9126.0,0.0,2020-07-01 11:44:00
9126.0,9127.5,9126.0,9131.5,510.17135,2020-07-01 11:45:00
9127.5,9127.5,9127.5,9127.5,0.0,2020-07-01 11:46:00
9127.5,9127.5,9127.5,9127.5,0.0,2020-07-01 11:47:00
9127.5,9128.5,9127.5,9129.0,329.53885,2020-07-01 11:48:00
9128.5,9128.0,9128.0,9128.5,0.0,2020-07-01 11:49:00
9128.0,9127.0,9127.0,9128.5,0.0,2020-07-01 11:50:00
9127.0,9127.0,9127.0,9127.0,0.0,2020-07-01 11:51:00
9127.0,9127.5,9127.0,9128.0,0.0,2020-07-01 11:52:00
9127.5,9127.0,9127.0,9128.0,0.0,2020-07-01 11:53:00
9127.0,9127.0,9127.0,9128.5,0.0,2020-07-01 11:54:00
9127.0,9135.0,9127.0,9137.0,1913.20905,2020-07-01 11:55:00
9135.0,9137.0,9135.0,9138.5,0.0,2020-07-01 11:56:00
9137.0,9137.0,9137.0,9137.0,0.0,2020-07-01 11:57:00
9137.0,9141.0,9137.0,9141.0,1371.15,2020-07-01 11:58:00
9141.0,9141.5,9141.0,9142.5,0.0,2020-07-01 11:59:00
9141.5,9144.5,9141.0,9146.5,173.736,2020-07-01 12:00:00
9144.5,9148.0,9144.5,9149.5,2745.71745,2020-07-01 12:01:00
9148.0,9154.5,9148.0,9155.5,10164.738,2020-07-01 12:02:00
9154.5,9153.0,9152.0,9154.5,4770.3029,2020-07-01 12:03:00
9153.0,9154.5,9153.0,9154.5,0.0,2020-07-01 12:04:00
9154.5,9151.5,9151.5,9155.5,11681.93865,2020-07-01 12:05:00
9151.5,9152.5,9151.5,9152.5,0.0,2020-07-01 12:06:00
9152.5,9152.5,9152.5,9152.5,28263.83525,2020-07-01 12:07:00
9152.5,9152.5,9152.5,9152.5,0.0,2020-07-01 12:08:00
9152.5,9152.5,9152.0,9152.5,0.0,2020-07-01 12:09:00
9152.5,9151.5,9151.5,9154.0,0.0,2020-07-01 12:10:00
9151.5,9150.0,9149.5,9151.5,0.0,2020-07-01 12:11:00
9150.0,9151.0,9150.0,9153.5,1815.856,2020-07-01 12:12:00
9151.0,9152.5,9151.0,9152.5,0.0,2020-07-01 12:13:00
9152.5,9152.5,9152.0,9152.5,0.0,2020-07-01 12:14:00
9152.5,9155.0,9152.5,9160.0,9295.5328,2020-07-01 12:15:00
9155.0,9149.5,9145.5,9155.0,6871.55265,2020-07-01 12:16:00
9149.5,9150.0,9149.5,9150.0,0.0,2020-07-01 12:17:00
9150.0,9149.5,9149.0,9151.5,0.0,2020-07-01 12:18:00
9149.5,9154.0,9149.5,9155.0,26429.39865,2020-07-01 12:19:00
9154.0,9158.5,9154.0,9159.0,905.6111,2020-07-01 12:20:00
9158.5,9156.0,9155.5,9158.5,0.0,2020-07-01 12:21:00
9156.0,9158.5,9156.0,9159.0,2252.1981,2020-07-01 12:22:00
9158.5,9158.5,9158.5,9158.5,0.0,2020-07-01 12:23:00
9158.5,9158.5,9158.5,9158.5,87.00575,2020-07-01 12:24:00
9158.5,9158.5,9158.5,9158.5,0.0,2020-07-01 12:25:00
9158.5,9151.0,9147.5,9159.5,23426.98275,2020-07-01 12:26:00
9151.0,9160.0,9151.0,9160.0,2260.867,2020-07-01 12:27:00
9160.0,9159.0,9158.5,9160.0,5136.6013,2020-07-01 12:28:00
9159.0,9159.0,9159.0,9159.0,0.0,2020-07-01 12:29:00
9159.0,9162.5,9159.0,9162.5,174.021,2020-07-01 12:30:00
9162.5,9158.0,9157.5,9162.5,1374.3,2020-07-01 12:31:00
9158.0,9158.0,9158.0,9158.0,0.0,2020-07-01 12:32:00
9158.0,9159.0,9158.0,9159.0,0.0,2020-07-01 12:33:00
9159.0,9154.5,9154.5,9159.0,0.0,2020-07-01 12:34:00
9154.5,9154.0,9153.0,9157.0,5186.43525,2020-07-01 12:35:00
9154.0,9153.0,9153.0,9154.0,0.0,2020-07-01 12:36:00
9153.0,9153.0,9153.0,9153.0,0.0,2020-07-01 12:37:00
9153.0,9153.0,9152.5,9153.0,0.0,2020-07-01 12:38:00
9153.0,9152.0,9152.0,9153.0,0.0,2020-07-01 12:39:00
9152.0,9150.5,9149.5,9153.0,0.0,2020-07-01 12:40:00
9150.5,9152.0,9149.5,9152.0,0.0,2020-07-01 12:41:00
9152.0,9161.5,9152.0,9161.5,10353.40485,2020-07-01 12:42:00
9161.5,9163.5,9161.0,9163.5,2176.7724,2020-07-01 12:43:00
9163.5,9163.5,9161.5,9163.5,0.0,2020-07-01 12:44:00
9163.5,9161.5,9161.5,9163.5,0.0,2020-07-01 12:45:00
9161.5,9161.5,9159.5,9161.5,0.0,2020-07-01 12:46:00
9161.5,9161.5,9161.5,9161.5,0.0,2020-07-01 12:47:00
9161.5,9157.0,9157.0,9161.5,914.7843,2020-07-01 12:48:00
9157.0,9157.0,9157.0,9157.0,0.0,2020-07-01 12:49:00
9157.0,9155.0,9155.0,9157.0,0.0,2020-07-01 12:50:00
9155.0,9155.0,9155.0,9155.0,0.0,2020-07-01 12:51:00
9155.0,9154.5,9154.5,9155.0,0.0,2020-07-01 12:52:00
9154.5,9155.0,9154.5,9157.5,26030.4115,2020-07-01 12:53:00
9155.0,9156.0,9155.0,9156.0,0.0,2020-07-01 12:54:00
9156.0,9153.5,9153.0,9156.0,1707.594,2020-07-01 12:55:00
9153.5,9152.0,9152.0,9153.5,0.0,2020-07-01 12:56:00
9152.0,9151.5,9150.0,9152.0,0.0,2020-07-01 12:57:00
9151.5,9151.5,9151.0,9153.0,0.0,2020-07-01 12:58:00
9151.0,9150.0,9150.0,9151.0,1747.7455,2020-07-01 12:59:00
9150.0,9147.5,9144.5,9150.0,0.0,2020-07-01 13:00:00
9147.5,9148.0,9147.0,9150.5,1536.1171,2020-07-01 13:01:00
9148.0,9148.0,9147.0,9148.0,3231.8529,2020-07-01 13:02:00
9148.0,9148.0,9148.0,9148.5,1480.15,2020-07-01 13:03:00
9148.0,9149.5,9148.0,9149.5,0.0,2020-07-01 13:04:00
9149.5,9149.5,9149.5,9149.5,0.0,2020-07-01 13:05:00
9149.5,9149.5,9146.0,9150.5,24230.59235,2020-07-01 13:06:00
9149.5,9149.5,9149.5,9149.5,0.0,2020-07-01 13:07:00
9149.5,9146.0,9144.5,9149.5,0.0,2020-07-01 13:08:00
9146.0,9144.0,9143.5,9146.0,1494.96225,2020-07-01 13:09:00
9144.0,9147.0,9144.0,9147.0,746.3136,2020-07-01 13:10:00
9147.0,9146.0,9146.0,9148.0,695.23345,2020-07-01 13:11:00
9146.0,9147.0,9146.0,9147.5,0.0,2020-07-01 13:12:00
9147.0,9142.5,9141.5,9147.0,3513.12145,2020-07-01 13:13:00
9142.5,9142.5,9140.5,9146.0,31634.06055,2020-07-01 13:14:00
9142.5,9137.5,9136.0,9142.5,5504.6858,2020-07-01 13:15:00
9137.5,9137.5,9133.0,9138.0,17836.28535,2020-07-01 13:16:00
9137.5,9143.0,9133.0,9143.5,34693.80625,2020-07-01 13:17:00
9143.0,9143.0,9143.0,9143.0,0.0,2020-07-01 13:18:00
9143.0,9144.0,9143.0,9144.0,0.0,2020-07-01 13:19:00
9144.0,9142.0,9140.5,9147.5,670.2552,2020-07-01 13:20:00
9142.0,9140.0,9139.5,9142.0,2827.46595,2020-07-01 13:21:00
9140.0,9143.0,9138.0,9144.5,3184.403,2020-07-01 13:22:00
9143.0,9141.5,9141.5,9144.0,1617.48515,2020-07-01 13:23:00
9141.5,9142.0,9141.5,9142.0,9.1415,2020-07-01 13:24:00
9142.0,9142.0,9142.0,9144.0,0.0,2020-07-01 13:25:00
9142.0,9142.0,9142.0,9142.5,0.0,2020-07-01 13:26:00
9142.0,9142.0,9142.0,9142.0,0.0,2020-07-01 13:27:00
9142.0,9145.0,9142.0,9146.0,5563.0618,2020-07-01 13:28:00
9145.0,9144.0,9140.5,9145.0,1627.632,2020-07-01 13:29:00
9144.0,9145.5,9144.0,9146.0,1001.43225,2020-07-01 13:30:00
9145.5,9148.5,9145.5,9148.5,0.0,2020-07-01 13:31:00
9148.5,9151.0,9148.5,9151.5,1498.10055,2020-07-01 13:32:00
9151.0,9150.5,9150.5,9151.0,7777.925,2020-07-01 13:33:00
9150.5,9150.5,9150.5,9151.5,0.0,2020-07-01 13:34:00
9150.5,9150.5,9148.5,9150.5,0.0,2020-07-01 13:35:00
9150.5,9149.5,9149.5,9150.5,0.0,2020-07-01 13:36:00
9149.5,9151.0,9149.5,9151.5,0.0,2020-07-01 13:37:00
9151.0,9151.5,9150.5,9152.5,0.0,2020-07-01 13:38:00
9151.5,9150.0,9149.0,9152.0,4973.84025,2020-07-01 13:39:00
9150.0,9151.0,9150.0,9153.5,22877.5,2020-07-01 13:40:00
9151.0,9150.5,9150.5,9151.0,1389.96095,2020-07-01 13:41:00
9150.5,9150.5,9149.5,9150.5,0.0,2020-07-01 13:42:00
9150.5,9149.0,9149.0,9150.5,284.5339,2020-07-01 13:43:00
9149.0,9150.0,9149.0,9150.0,0.0,2020-07-01 13:44:00
9150.0,9149.0,9148.5,9150.0,0.0,2020-07-01 13:45:00
9149.0,9149.5,9149.0,9149.5,0.0,2020-07-01 13:46:00
9149.5,9149.0,9149.0,9149.5,0.0,2020-07-01 13:47:00
9149.0,9149.0,9149.0,9149.5,790.4736,2020-07-01 13:48:00
9149.0,9152.0,9149.0,9152.0,0.0,2020-07-01 13:49:00
9152.0,9149.0,9148.5,9152.0,0.0,2020-07-01 13:50:00
9149.0,9149.0,9149.0,9149.0,0.0,2020-07-01 13:51:00
9149.0,9149.0,9149.0,9149.0,0.0,2020-07-01 13:52:00
9149.0,9148.5,9148.5,9149.0,94.22955,2020-07-01 13:53:00
9148.5,9146.0,9146.0,9148.5,53.97615,2020-07-01 13:54:00
9146.0,9148.0,9146.0,9150.5,0.0,2020-07-01 13:55:00
9148.0,9146.5,9146.5,9148.0,0.0,2020-07-01 13:56:00
9146.5,9145.5,9145.0,9146.5,17894.149,2020-07-01 13:57:00
9145.5,9144.5,9144.5,9147.5,4121.7483,2020-07-01 13:58:00
9144.5,9144.5,9144.5,9145.5,7773.675,2020-07-01 13:59:00
9144.5,9144.5,9144.5,9145.5,0.0,2020-07-01 14:00:00
9144.5,9144.5,9144.5,9144.5,0.0,2020-07-01 14:01:00
9144.5,9147.0,9144.5,9147.0,0.0,2020-07-01 14:02:00
9147.0,9144.0,9144.0,9147.0,27586.4373,2020-07-01 14:03:00
9143.5,9138.5,9133.0,9143.5,44255.17485,2020-07-01 14:04:00
9138.5,9138.0,9135.0,9140.0,3613.95375,2020-07-01 14:05:00
9138.0,9135.5,9132.5,9140.5,11457.2518,2020-07-01 14:06:00
9135.0,9134.0,9134.0,9136.0,0.0,2020-07-01 14:07:00
9134.0,9133.5,9131.0,9135.5,1827.0,2020-07-01 14:08:00
9133.5,9134.0,9131.5,9135.0,456.6,2020-07-01 14:09:00
9134.0,9135.5,9132.0,9135.5,0.0,2020-07-01 14:10:00
9135.5,9132.5,9132.0,9135.5,0.0,2020-07-01 14:11:00
9132.5,9132.0,9132.0,9132.5,6849.375,2020-07-01 14:12:00
9132.0,9129.5,9126.5,9132.0,456.575,2020-07-01 14:13:00
9129.5,9132.0,9129.5,9135.0,0.0,2020-07-01 14:14:00
9132.0,9132.0,9130.5,9132.0,43744.37645,2020-07-01 14:15:00
9132.0,9133.5,9132.0,9137.0,1915.6095,2020-07-01 14:16:00
9133.5,9137.0,9133.0,9138.0,2378.2332,2020-07-01 14:17:00
9137.0,9137.5,9133.0,9138.0,0.0,2020-07-01 14:18:00
9137.5,9141.0,9137.5,9141.0,0.0,2020-07-01 14:19:00
9141.0,9141.5,9139.0,9141.5,0.0,2020-07-01 14:20:00
9141.5,9138.5,9138.5,9141.5,32640.48825,2020-07-01 14:21:00
9138.5,9136.5,9131.0,9138.5,15101.2285,2020-07-01 14:22:00
9136.5,9134.5,9134.5,9138.5,0.0,2020-07-01 14:23:00
9134.5,9135.0,9134.5,9135.0,9.135,2020-07-01 14:24:00
9135.0,9135.0,9135.0,9135.0,0.0,2020-07-01 14:25:00
9135.0,9135.0,9135.0,9135.0,0.0,2020-07-01 14:26:00
9135.0,9135.5,9135.0,9142.0,2638.2862,2020-07-01 14:27:00
9135.5,9138.5,9135.5,9140.0,0.0,2020-07-01 14:28:00
9138.5,9138.5,9138.5,9138.5,0.0,2020-07-01 14:29:00
9138.5,9137.5,9136.5,9138.5,1763.634,2020-07-01 14:30:00
9137.5,9138.0,9136.5,9138.0,0.0,2020-07-01 14:31:00
9138.0,9138.0,9137.5,9138.0,0.0,2020-07-01 14:32:00
9138.0,9137.0,9137.0,9138.0,0.0,2020-07-01 14:33:00
9137.0,9143.0,9137.0,9145.5,53185.59315,2020-07-01 14:34:00
9143.0,9142.5,9141.5,9144.0,0.0,2020-07-01 14:35:00
9142.5,9142.5,9141.5,9143.5,1762.7704,2020-07-01 14:36:00
9142.5,9142.5,9142.5,9142.5,0.0,2020-07-01 14:37:00
9142.5,9139.5,9138.5,9143.0,0.0,2020-07-01 14:38:00
9139.5,9140.0,9139.5,9141.0,0.0,2020-07-01 14:39:00
9140.0,9140.0,9140.0,9140.0,0.0,2020-07-01 14:40:00
9140.0,9142.0,9140.0,9143.0,0.0,2020-07-01 14:41:00
9142.0,9143.0,9142.0,9143.0,0.0,2020-07-01 14:42:00
9143.0,9143.0,9143.0,9143.0,0.0,2020-07-01 14:43:00
9143.0,9142.0,9141.0,9145.0,0.0,2020-07-01 14:44:00
9142.0,9142.5,9142.0,9142.5,0.0,2020-07-01 14:45:00
9142.5,9144.0,9142.5,9144.0,0.0,2020-07-01 14:46:00
9144.0,9142.0,9141.5,9144.0,0.0,2020-07-01 14:47:00
9142.0,9141.5,9141.5,9143.0,0.0,2020-07-01 14:48:00
9141.5,9141.0,9140.0,9141.5,0.0,2020-07-01 14:49:00
9141.0,9141.0,9140.0,9143.0,0.0,2020-07-01 14:50:00
9141.0,9143.0,9141.0,9143.5,0.0,2020-07-01 14:51:00
9143.0,9143.0,9143.0,9143.0,0.0,2020-07-01 14:52:00
9143.0,9143.0,9143.0,9143.0,0.0,2020-07-01 14:53:00
9143.0,9143.0,9143.0,9143.0,0.0,2020-07-01 14:54:00
9143.0,9142.5,9142.5,9143.0,0.0,2020-07-01 14:55:00
9142.5,9143.0,9142.5,9143.0,0.0,2020-07-01 14:56:00
9143.0,9141.0,9139.0,9143.0,10000.0665,2020-07-01 14:57:00
9141.0,9140.0,9140.0,9142.5,27.423,2020-07-01 14:58:00
9140.0,9139.0,9139.0,9140.0,0.0,2020-07-01 14:59:00
9139.0,9138.5,9133.5,9139.0,3311.06505,2020-07-01 15:00:00
9138.5,9137.5,9137.5,9138.5,0.0,2020-07-01 15:01:00
9137.5,9140.5,9137.5,9140.5,0.0,2020-07-01 15:02:00
9140.5,9141.5,9140.5,9141.5,1757.91045,2020-07-01 15:03:00
9141.5,9139.5,9139.5,9141.5,0.0,2020-07-01 15:04:00
9140.0,9142.5,9139.5,9142.5,20.108,2020-07-01 15:05:00
9142.5,9146.5,9142.5,9148.5,20320.5958,2020-07-01 15:06:00
9146.5,9148.0,9144.5,9148.0,2001.2542,2020-07-01 15:07:00
9148.0,9146.0,9146.0,9148.0,1609.1332,2020-07-01 15:08:00
9146.0,9146.0,9146.0,9146.0,2745.6292,2020-07-01 15:09:00
9146.0,9144.0,9141.5,9147.5,28664.55565,2020-07-01 15:10:00
9144.0,9147.0,9143.5,9147.5,0.0,2020-07-01 15:11:00
9147.0,9145.0,9143.5,9147.5,14551.6889,2020-07-01 15:12:00
9145.0,9145.0,9143.5,9145.5,24601.879,2020-07-01 15:13:00
9145.0,9144.0,9144.0,9145.0,0.0,2020-07-01 15:14:00
9144.0,9144.5,9144.0,9145.0,4579.43785,2020-07-01 15:15:00
9144.5,9144.5,9144.0,9145.5,28955.45585,2020-07-01 15:16:00
9144.5,9145.5,9144.5,9145.5,0.0,2020-07-01 15:17:00
9145.5,9145.0,9144.5,9145.5,0.0,2020-07-01 15:18:00
9145.0,9147.5,9145.0,9147.5,0.0,2020-07-01 15:19:00
9147.5,9150.0,9145.5,9150.0,2848.6167,2020-07-01 15:20:00
9150.0,9149.5,9149.5,9150.5,0.0,2020-07-01 15:21:00
9149.5,9149.5,9149.0,9149.5,0.0,2020-07-01 15:22:00
9149.5,9152.0,9149.5,9152.5,1880.68345,2020-07-01 15:23:00
9152.0,9151.5,9151.5,9152.5,9.1515,2020-07-01 15:24:00
9151.5,9151.0,9151.0,9153.0,1537.452,2020-07-01 15:25:00
9151.0,9152.0,9151.0,9154.5,1619.43105,2020-07-01 15:26:00
9152.0,9153.0,9152.0,9153.0,0.0,2020-07-01 15:27:00
9153.0,9155.5,9153.0,9155.5,13.7295,2020-07-01 15:28:00
9155.5,9155.5,9153.5,9155.5,0.0,2020-07-01 15:29:00
9155.5,9154.0,9153.0,9155.5,2581.287,2020-07-01 15:30:00
9154.0,9157.0,9154.0,9158.0,1940.86,2020-07-01 15:31:00
9157.0,9154.5,9153.5,9158.5,915.35,2020-07-01 15:32:00
9154.5,9152.5,9151.0,9155.0,0.0,2020-07-01 15:33:00
9152.5,9152.0,9151.0,9154.0,0.0,2020-07-01 15:34:00
9152.0,9151.0,9150.5,9153.5,11392.3082,2020-07-01 15:35:00
9151.0,9151.5,9151.0,9151.5,2244.86255,2020-07-01 15:36:00
9151.5,9150.5,9150.5,9151.5,0.0,2020-07-01 15:37:00
9150.5,9150.5,9150.0,9151.5,0.0,2020-07-01 15:38:00
9150.5,9148.0,9146.0,9151.5,29760.765,2020-07-01 15:39:00
9148.0,9147.0,9146.5,9148.5,0.0,2020-07-01 15:40:00
9147.0,9148.5,9146.5,9148.5,0.0,2020-07-01 15:41:00
9148.5,9147.0,9146.0,9148.5,0.0,2020-07-01 15:42:00
9147.0,9146.5,9146.5,9147.5,0.0,2020-07-01 15:43:00
9146.5,9144.5,9144.5,9147.0,0.0,2020-07-01 15:44:00
9144.5,9147.0,9144.5,9148.0,0.0,2020-07-01 15:45:00
9147.0,9146.0,9143.0,9147.0,0.0,2020-07-01 15:46:00
9146.0,9145.0,9145.0,9146.0,0.0,2020-07-01 15:47:00
9145.0,9145.0,9145.0,9148.0,0.0,2020-07-01 15:48:00
9145.0,9145.0,9145.0,9145.0,0.0,2020-07-01 15:49:00
9145.0,9145.0,9145.0,9146.0,0.0,2020-07-01 15:50:00
9145.0,9147.0,9145.0,9148.0,0.0,2020-07-01 15:51:00
9147.0,9145.0,9145.0,9147.0,0.0,2020-07-01 15:52:00
9145.0,9144.0,9144.0,9145.0,0.0,2020-07-01 15:53:00
9144.0,9144.0,9142.0,9144.0,0.0,2020-07-01 15:54:00
9144.0,9143.0,9143.0,9144.0,0.0,2020-07-01 15:55:00
9143.0,9143.0,9143.0,9143.0,0.0,2020-07-01 15:56:00
9143.0,9142.0,9141.0,9143.5,0.0,2020-07-01 15:57:00
9142.0,9139.5,9138.0,9142.0,0.0,2020-07-01 15:58:00
9140.0,9137.0,9133.0,9140.0,35309.478,2020-07-01 15:59:00
9137.0,9136.5,9136.5,9137.5,0.0,2020-07-01 16:00:00
9136.5,9136.5,9136.5,9136.5,0.0,2020-07-01 16:01:00
9136.5,9137.0,9136.5,9137.0,0.0,2020-07-01 16:02:00
9137.0,9138.5,9137.0,9138.5,0.0,2020-07-01 16:03:00
9138.5,9141.5,9138.5,9141.5,9595.95,2020-07-01 16:04:00
9141.5,9143.5,9141.5,9143.5,0.0,2020-07-01 16:05:00
9143.5,9142.5,9142.5,9143.5,0.0,2020-07-01 16:06:00
9142.5,9144.5,9142.5,9146.5,0.0,2020-07-01 16:07:00
9144.5,9147.5,9144.5,9148.5,0.0,2020-07-01 16:08:00
9147.5,9151.5,9145.0,9151.5,2900.10455,2020-07-01 16:09:00
9151.5,9151.5,9149.0,9152.5,5384.84325,2020-07-01 16:10:00
9151.5,9152.0,9151.5,9152.0,0.0,2020-07-01 16:11:00
9152.0,9152.0,9151.0,9152.5,0.0,2020-07-01 16:12:00
9152.0,9151.0,9151.0,9152.0,0.0,2020-07-01 16:13:00
9151.0,9151.5,9151.0,9151.5,173.869,2020-07-01 16:14:00
9151.5,9149.5,9149.5,9151.5,0.0,2020-07-01 16:15:00
9149.5,9149.5,9145.5,9150.5,4304.2059,2020-07-01 16:16:00
9149.5,9149.5,9149.5,9149.5,0.0,2020-07-01 16:17:00
9149.5,9148.0,9147.0,9149.5,0.0,2020-07-01 16:18:00
9148.0,9147.5,9147.5,9148.0,0.0,2020-07-01 16:19:00
9147.5,9148.5,9147.0,9148.5,1131.66945,2020-07-01 16:20:00
9148.5,9148.5,9148.5,9148.5,0.0,2020-07-01 16:21:00
9148.5,9149.0,9148.5,9149.0,3645.8765,2020-07-01 16:22:00
9149.0,9159.5,9149.0,9161.0,62791.74095,2020-07-01 16:23:00
9159.5,9167.0,9159.0,9167.5,11002.1679,2020-07-01 16:24:00
9167.0,9171.0,9167.0,9175.5,5621.4485,2020-07-01 16:25:00
9171.0,9166.0,9166.0,9172.0,5983.82195,2020-07-01 16:26:00
9166.0,9166.5,9165.5,9169.0,916.75,2020-07-01 16:27:00
9166.5,9170.5,9166.5,9170.5,895.0408,2020-07-01 16:28:00
9170.5,9171.5,9170.5,9172.0,0.0,2020-07-01 16:29:00
9171.5,9176.5,9171.5,9178.5,2257.4768,2020-07-01 16:30:00
9176.5,9172.5,9168.5,9180.0,60363.80595,2020-07-01 16:31:00
9172.5,9171.5,9169.5,9174.0,18563.68715,2020-07-01 16:32:00
9171.5,9169.0,9166.0,9171.5,2295.4343,2020-07-01 16:33:00
9169.0,9169.0,9169.0,9169.5,0.0,2020-07-01 16:34:00
9169.0,9170.5,9169.0,9171.5,0.0,2020-07-01 16:35:00
9170.5,9171.5,9170.5,9173.0,0.0,2020-07-01 16:36:00
9171.5,9171.5,9171.0,9172.5,0.0,2020-07-01 16:37:00
9171.5,9171.0,9170.5,9171.5,0.0,2020-07-01 16:38:00
